product,adverse_event,count,EB05
5 HOUR ENERGY,DEATH,6,7.87446555611677
5 HOUR ENERGY,MYOCARDIAL INFARCTION,10,7.01248856703751
5 HOUR ENERGY,CONVULSION,8,2.11596939829178
5-HOUR ENERGY,DEATH,6,12.5096116580535
5-HOUR ENERGY,VITAMIN B12 INCREASED,3,2.81561848591082
5-HOUR ENERGY,MYOCARDIAL INFARCTION,6,2.75047312327661
5-HTP,MUSCLE TWITCHING,3,8.33495339821093
ADVOCARE DIETARY SUPPLEMENTS,HEART RATE INCREASED,6,12.1830466629472
AFA BLUE GREEN ALGAE,ASTHENIA,4,12.3198100153822
ALIVE LIQUID VITAMIN,FLUSHING,3,10.6687778655905
ALL DAY ENERGY GREENS,GASTRIC DISORDER,19,14.1338685515802
ALL DAY ENERGY GREENS,GASTROINTESTINAL DISORDER,15,9.20177321624942
ALL DAY ENERGY GREENS,DIVERTICULITIS,9,6.47661091643386
ALL DAY ENERGY GREENS,ABDOMINAL PAIN UPPER,40,4.93649817607366
ALL DAY ENERGY GREENS,FLATULENCE,13,3.60178657551296
ALL DAY ENERGY GREENS,GASTRIC ULCER HAEMORRHAGE,4,2.16896112286486
ALL DAY ENERGY GREENS FRUITY,GASTROINTESTINAL DISORDER,14,12.3493792114314
ALL DAY ENERGY GREENS FRUITY,GASTRIC DISORDER,12,11.5227921262849
ALL DAY ENERGY GREENS FRUITY,FLATULENCE,12,5.89626305759884
ALL DAY ENERGY GREENS FRUITY,HOSPITALISATION,7,2.78721343143843
ALL DAY ENERGY GREENS FRUITY,DIVERTICULITIS,6,2.67489705211483
ALL DAY ENERGY GREENS.,GASTRIC DISORDER,4,3.81743216118775
ALL DAY ENERGY GREENS.,ABDOMINAL PAIN UPPER,8,2.21380385640077
ALL NATURAL GLYMETROL PROPRIETARY HERBAL FORMULA,HEPATIC ENZYME INCREASED,3,9.03963157744147
AMP ENERGY DRINK,HEART RATE INCREASED,5,8.61299697239883
AMPLIFIED WHEYBOLIC EXTREME 60,HEPATIC ENZYME INCREASED,4,13.4423684549984
AZO,ALOPECIA,6,15.3535163986962
B12,ALOPECIA,10,2.23219729331322
BEANO ALPHA-D-GALACTOSIDASE,LARGE INTESTINE PERFORATION,3,14.9252519954462
BEANO ALPHA-D-GALACTOSIDASE,BACK PAIN,4,2.34325639973395
BEANO LIQUID DROPS,HOSPITALISATION,3,8.5172114034649
BEANO TABLET (ALPHA-D-GALACTOSIDASE),PHYSICAL EXAMINATION,4,15.1169628303032
BEANO TABLETS (ALPHA-D-GALACTOSIDASE),BLOOD GLUCOSE DECREASED,3,2.52877400140278
BEAST STACK,HEPATIC ENZYME INCREASED,3,7.34347730013542
BEAUTY SLIM (PRETTY SLIM),HYPERVIGILANCE,5,40.9631875513587
BEAUTY SLIM (PRETTY SLIM),DRY MOUTH,5,28.8363713121507
BEAUTY SLIM (PRETTY SLIM),FEELING ABNORMAL,5,14.8090706660878
BEAUTY SLIM (PRETTY SLIM),WEIGHT DECREASED,5,13.3504944017623
BENEFIBER POWDER STICK PACKS (WHEAT DEXTRIN) UNKNOWN,PSEUDOMONAS INFECTION,3,15.6918625065591
BENEFIBER SUGAR FREE (NCH) (WHEAT DEXTRIN) CHEWABLE TABLET,INFLUENZA,3,8.91241418593563
BENEFIBER UNKNOWN (NCH),DEATH,5,19.7895942910109
BENEFIBER UNKNOWN (NCH) (UNKNOWN) POWDER,THERAPEUTIC RESPONSE UNEXPECTED,3,10.6756230180617
BENEFIBER W WHEAT DEXTRIN (NCH) (WHEAT DEXTRIN) POWDER,UNDERDOSE,4,13.0759432523046
BENEFIBER W WHEAT DEXTRIN (NCH) (WHEAT DEXTRIN) POWDER,OVERDOSE,7,9.2311095839832
BENEFIBER W WHEAT DEXTRIN (NCH) (WHEAT DEXTRIN) POWDER,BOWEL MOVEMENT IRREGULARITY,4,5.04080526134931
BENEFIBER W WHEAT DEXTRIN (NCH) (WHEAT DEXTRIN) POWDER,HAEMORRHOIDS,5,4.49975882214494
BENEFIBER W WHEAT DEXTRIN (NCH) (WHEAT DEXTRIN) POWDER,FLATULENCE,10,2.26372224721126
BENEFIBER W WHEAT DEXTRIN (NCH) (WHEAT DEXTRIN) POWDER,BARRETT'S OESOPHAGUS,3,2.06046312791295
BENEFIBER WITH WHEAT DEXTRIN (NCH) (WHEAT DEXTRIN) POWDER,UNDERDOSE,7,33.7843921042513
BENEFIBER WITH WHEAT DEXTRIN (NCH) (WHEAT DEXTRIN) POWDER,THERAPEUTIC RESPONSE UNEXPECTED,6,19.8149725773837
BENEFIBER WITH WHEAT DEXTRIN (NCH) (WHEAT DEXTRIN) POWDER,OVERDOSE,7,9.95040938141756
BENEFIBER WITH WHEAT DEXTRIN (NCH) (WHEAT DEXTRIN) POWDER,DIVERTICULITIS,10,9.85876815649681
BENEFIBER WITH WHEAT DEXTRIN (NCH) (WHEAT DEXTRIN) POWDER,GOUT,4,4.75130653404631
"BEROCCA (CAFFEINE, MINERALS, ASCORBIC ACID, VITAMIN B)",DEPENDENCE,4,26.968901960412
"BEROCCA (CAFFEINE, MINERALS, ASCORBIC ACID, VITAMIN B) EFFERVESCENT TABLET",DEPENDENCE,6,41.2576688046101
BEROCCA CAFFEINE MINERALS ASCORBIC ACID VITAMIN B EFFERVESCENT TABLET,DEPENDENCE,7,54.3157983052079
BEROCCA CAFFEINE MINERALS ASCORBIC ACID VITAMIN B EFFERVESCENT TABLET,DRUG DEPENDENCE,4,21.3647244099993
BEROCCA MULTIVITAMINS CAFFEINE EFFERVESCENT TABLET,DRUG DEPENDENCE,5,32.2860021980014
BEROCCA MULTIVITAMINS CAFFEINE EFFERVESCENT TABLET,DEPENDENCE,3,11.8573198497761
BIOFLORITHIN   NATURE VITA,PHARYNGITIS,3,3.96788581856526
BIOTIN,ALOPECIA,149,13.8833452842664
BIOTIN,HAIR GROWTH ABNORMAL,6,5.99945256696083
BIOTIN,TRICHORRHEXIS,8,2.32262781099416
BIOTIN,PAIN OF SKIN,5,2.04197655967437
BLUE MOON BLACK WALNUT HULL TINCTURE,MOYAMOYA DISEASE,3,15.904853849439
BLUE MOON BLACK WALNUT HULL TINCTURE,Not coded,3,14.3036935247947
BODY FORTRESS SUPER ADVANCED WHEY PROTEIN POWDER VANILLA,PARAESTHESIA,4,6.90240733954124
BORAGE OIL,ALOPECIA,4,2.97179971984588
CALCIUM,Not coded,12,8.81257740431465
CALCIUM,REMOVAL OF FOREIGN BODY FROM THROAT,10,4.24080716981553
CALCIUM,ALOPECIA,96,2.74283635453321
CALCIUM,TRICHORRHEXIS,14,2.12761081405915
CALCIUM (CALCIUM),DYSPHAGIA,10,6.28401533397846
CALCIUM (CALCIUM),CHOKING,11,2.59522320260294
CALCIUM CARBONATE,BLOOD BICARBONATE INCREASED,3,13.3657679392491
CALCIUM CARBONATE,MILK-ALKALI SYNDROME,3,12.1407650408801
CALCIUM CARBONATE (CALCIUM CARBONATE) UNKNOWN,MILK-ALKALI SYNDROME,3,13.1784342767205
CALCIUM CARBONATE (CALCIUM CARBONATE) UNKNOWN,BLOOD CALCIUM INCREASED,4,8.55087837786414
CALCIUM CARBONATE (CALCIUM CARBONATE) UNKNOWN,HYPERCALCAEMIA,3,3.75838690041564
CALCIUM CARBONATE (CALCIUM CARBONATE) UNKNOWN,URINE ANALYSIS ABNORMAL,3,2.99368558148853
CALTATE,ALOPECIA,3,3.08928488777019
"CALTRATE 600 + VITAMIN D (CALCIUM CARBONATE, CHOLECALCIFEROL)",COELIAC DISEASE,3,5.90757851372473
"CALTRATE 600 + VITAMIN D (CALCIUM CARBONATE, CHOLECALCIFEROL) TABLET",COELIAC DISEASE,10,10.9015596152749
"CALTRATE 600 + VITAMIN D (CALCIUM CARBONATE, CHOLECALCIFEROL) TABLET",DYSPHAGIA,16,3.00611861352809
"CALTRATE 600 + VITAMIN D (CALCIUM CARBONATE, CHOLECALCIFEROL) TABLET",CHOKING,22,2.45217348565347
CENTRUM,EYE HAEMORRHAGE,4,3.08840014017187
"CENTRUM (MULTIMINERALS, MULTIVITAMINS) TABLET",COELIAC DISEASE,8,10.0863345519174
"CENTRUM (MULTIMINERALS, MULTIVITAMINS) TABLET",CHOKING,23,3.89296166668646
"CENTRUM FLAVOR BURST (MULTIMINERALS, MULTIVITAMINS) CHEWABLE TABLET",TOOTH FRACTURE,3,14.2720288739074
"CENTRUM MULTIGUMMIES(MULTIMINERALS, MULITVITAMINS) CHEWABLE TABLET",THROAT IRRITATION,3,2.57645724038593
CENTRUM MULTIVITAMIN FOR WOMEN 50+,ALOPECIA,3,2.11475869105197
"CENTRUM SILVER (MULTIMINERALS, MULTIVITAMINS)",OSTEOPOROSIS,4,15.2283478963654
"CENTRUM SILVER (MULTIMINERALS, MULTIVITAMINS)",COELIAC DISEASE,7,8.10375488107093
"CENTRUM SILVER (MULTIMINERALS, MULTIVITAMINS) CHEWABLE TABLET",DYSGEUSIA,8,21.4509174523409
"CENTRUM SILVER (MULTIMINERALS, MULTIVITAMINS) TABLET",COELIAC DISEASE,28,13.8272336602677
"CENTRUM SILVER (MULTIMINERALS, MULTIVITAMINS) TABLET",DYSPHAGIA,60,6.20783390919678
"CENTRUM SILVER (MULTIMINERALS, MULTIVITAMINS) TABLET",CHOKING,80,4.52862953324802
"CENTRUM SILVER (MULTIMINERALS, MULTIVITAMINS) TABLET",FOREIGN BODY TRAUMA,21,2.42586388601921
"CENTRUM SILVER ADULTS 50+ (MULTIMINERALS, MULTIVITAMINS) TABLET",DYSPHAGIA,44,7.14482818148099
"CENTRUM SILVER ADULTS 50+ (MULTIMINERALS, MULTIVITAMINS) TABLET",CHOKING,64,5.85565779940225
CENTRUM SILVER ADULTS 50+ MULTIMINERALS MULTIVITAMIN,CHOKING,22,4.99233040609397
"CENTRUM SILVER ADULTS 50+(MULTIMINERALS, MULTIVITAMINS) TABLET",CHOKING,13,2.41715610702522
"CENTRUM SILVER ADULTS 50+(MULTIMINERALS, MULTIVITAMINS) TABLET",DYSPHAGIA,9,2.3237919525709
"CENTRUM SILVER MEN'S 50+ (MULTIMINERALS, MULTIVITAMINS) TABLET",COELIAC DISEASE,18,15.8503254579846
"CENTRUM SILVER MEN'S 50+ (MULTIMINERALS, MULTIVITAMINS) TABLET",FOREIGN BODY,11,5.62785857566632
"CENTRUM SILVER MEN'S 50+ (MULTIMINERALS, MULTIVITAMINS) TABLET",DYSPHAGIA,26,4.57603337825276
"CENTRUM SILVER MEN'S 50+ (MULTIMINERALS, MULTIVITAMINS) TABLET",CHOKING,32,2.75741140707396
CENTRUM SILVER MULTIMINERALS MULTIVITAMINS,CHOKING,17,2.83494323608465
CENTRUM SILVER MULTIMINERALS MULTIVITAMINS CHEWABLE TABLET,MASTICATION DISORDER,3,12.6281678362284
CENTRUM SILVER MULTIMINERALS MULTIVITAMINS TABLET,CHOKING,35,7.58333703060634
CENTRUM SILVER MULTIMINERALS MULTIVITAMINS TABLET,DYSPHAGIA,18,6.27772896946408
CENTRUM SILVER MULTIMINERALS MULTIVITAMINS TABLET,FOREIGN BODY TRAUMA,9,2.6018355267588
CENTRUM SILVER ULTRA WOMEN'S,CHOKING,37,9.49229638813995
CENTRUM SILVER ULTRA WOMEN'S,FOREIGN BODY TRAUMA,11,6.59553961991332
CENTRUM SILVER ULTRA WOMEN'S,DYSPHAGIA,15,5.77202586852945
"CENTRUM SILVER ULTRA WOMEN'S (MULTIMINERAL, MULTIVITAMINS) TABLET",CHOKING,12,7.80927362781949
"CENTRUM SILVER ULTRA WOMEN'S (MULTIMINERAL, MULTIVITAMINS) TABLET",FOREIGN BODY TRAUMA,5,3.27815521718003
CENTRUM SILVER ULTRA WOMEN'S (MULTIMINERALS MULTIVITAMINS) TABLET,OESOPHAGEAL INJURY,4,23.3244403402787
CENTRUM SILVER ULTRA WOMEN'S (MULTIMINERALS MULTIVITAMINS) TABLET,CHOKING,8,5.33719570678659
"CENTRUM SILVER ULTRA WOMEN'S (MULTIMINERALS, MULTIVITAMINS)",CHOKING,6,8.5085036244709
"CENTRUM SILVER ULTRA WOMEN'S (MULTIMINERALS, MULTIVITAMINS) TABLET",CHOKING,123,10.4306876303162
"CENTRUM SILVER ULTRA WOMEN'S (MULTIMINERALS, MULTIVITAMINS) TABLET",FOREIGN BODY TRAUMA,34,7.99586223973893
"CENTRUM SILVER ULTRA WOMEN'S (MULTIMINERALS, MULTIVITAMINS) TABLET",DYSPHAGIA,49,7.0245490737725
"CENTRUM SILVER ULTRA WOMEN'S (MULTIMINERALS, MULTIVITAMINS) TABLET",THROAT IRRITATION,15,5.87386497366242
"CENTRUM SILVER ULTRA WOMEN'S (MULTIMINERALS, MULTIVITAMINS) TABLET",RETCHING,12,5.32611307897605
CENTRUM SILVER ULTRA WOMEN'S MULTIMINERALS MULTIVITAMINS TABLET,OESOPHAGEAL INJURY,5,19.5796762818936
CENTRUM SILVER ULTRA WOMEN'S MULTIMINERALS MULTIVITAMINS TABLET,CHOKING,37,9.58472922933288
CENTRUM SILVER ULTRA WOMEN'S MULTIMINERALS MULTIVITAMINS TABLET,DRUG INTOLERANCE,3,9.16819937317632
CENTRUM SILVER ULTRA WOMEN'S MULTIMINERALS MULTIVITAMINS TABLET,DYSPHAGIA,14,5.19130548438989
"CENTRUM SILVER ULTRA WOMEN'S MULTIMINERALS, MULTIVITAMINS TABLET",CHOKING,10,7.83805120759644
CENTRUM SILVER ULTRA WOMEN'S TABLET,CHOKING,9,8.99436975293793
CENTRUM SILVER ULTRA WOMENS,CHOKING,12,7.56294127018191
CENTRUM SILVER ULTRA WOMENS MULTIMINERAL MULTIVITAMINS TABLET,CHOKING,24,8.86203013849445
CENTRUM SILVER ULTRA WOMENS MULTIMINERAL MULTIVITAMINS TABLET,FOREIGN BODY TRAUMA,8,6.21216451586224
CENTRUM SILVER ULTRA WOMENS MULTIMINERAL MULTIVITAMINS TABLET,DYSPHAGIA,8,2.03210463910364
CENTRUM SILVER ULTRA WOMENS MULTIMINERALS MULTIVITAMINS,CHOKING,12,8.34668794530444
CENTRUM SILVER ULTRA WOMENS MULTIMINERALS MULTIVITAMINS TABLET,CHOKING,110,11.4755745439325
CENTRUM SILVER ULTRA WOMENS MULTIMINERALS MULTIVITAMINS TABLET,OESOPHAGEAL INJURY,5,9.36791950208135
CENTRUM SILVER ULTRA WOMENS MULTIMINERALS MULTIVITAMINS TABLET,FOREIGN BODY TRAUMA,26,7.21686526224948
CENTRUM SILVER ULTRA WOMENS MULTIMINERALS MULTIVITAMINS TABLET,DYSPHAGIA,39,6.71139498963021
CENTRUM SILVER ULTRA WOMENS MULTIMINERALS MULTIVITAMINS TABLET,RETCHING,11,5.97523842216469
CENTRUM SILVER ULTRA WOMENS MULTIMINERALS MULTIVITAMINS TABLET,OROPHARYNGEAL PAIN,8,2.30316336383112
"CENTRUM SILVER WOMEN'S 50 + (MULTIMINERALS, MULTIVITAMINS) TABLET",DYSPHAGIA,15,9.20796644943766
"CENTRUM SILVER WOMEN'S 50 + (MULTIMINERALS, MULTIVITAMINS) TABLET",CHOKING,20,7.20499101816677
"CENTRUM SILVER WOMEN'S 50 + (MULTIMINERALS, MULTIVITAMINS) TABLET",OESOPHAGEAL INJURY,3,2.99368558148853
"CENTRUM SILVER WOMEN'S 50 PLUS (MUL TIMINERALS, MULTIVITAMINS) TABLET",CHOKING,5,2.63010088424198
"CENTRUM SILVER WOMEN'S 50 PLUS (MULTIMINERALS, MULTIVITAMINS) TABLET",CHOKING,14,9.26887433673255
"CENTRUM SILVER WOMEN'S 50 PLUS (MULTIMINERALS, MULTIVITAMINS) TABLET",DYSPHAGIA,7,5.68881302862428
CENTRUM SILVER WOMEN'S 50 PLUS MULTIMINERALS MULTIVITAMINS TABLET,CHOKING,18,8.72210032097064
CENTRUM SILVER WOMEN'S 50+,CHOKING,25,8.19995954097249
CENTRUM SILVER WOMEN'S 50+,DYSPHAGIA,11,4.81668472499587
CENTRUM SILVER WOMEN'S 50+,FOREIGN BODY TRAUMA,7,2.51978682843037
CENTRUM SILVER WOMEN'S 50+ (MULTIMINERALS MULTIVITAMINS) TABLET,DYSPHAGIA,12,7.42841306957416
CENTRUM SILVER WOMEN'S 50+ (MULTIMINERALS MULTIVITAMINS) TABLET,CHOKING,18,6.83889177511446
CENTRUM SILVER WOMEN'S 50+ (MULTIMINERALS MULTIVITAMINS) TABLET,FOREIGN BODY TRAUMA,6,2.09240717277862
"CENTRUM SILVER WOMEN'S 50+ (MULTIMINERALS, MULTIVITAMINS) TABLET",DYSPHAGIA,259,9.87860512896441
"CENTRUM SILVER WOMEN'S 50+ (MULTIMINERALS, MULTIVITAMINS) TABLET",CHOKING,466,9.7826332973782
"CENTRUM SILVER WOMEN'S 50+ (MULTIMINERALS, MULTIVITAMINS) TABLET",FOREIGN BODY TRAUMA,140,8.93569701747037
"CENTRUM SILVER WOMEN'S 50+ (MULTIMINERALS, MULTIVITAMINS) TABLET",THROAT IRRITATION,71,8.68303172965534
"CENTRUM SILVER WOMEN'S 50+ (MULTIMINERALS, MULTIVITAMINS) TABLET",BODY HEIGHT DECREASED,7,5.76462192810141
"CENTRUM SILVER WOMEN'S 50+ (MULTIMINERALS, MULTIVITAMINS) TABLET",RETCHING,38,5.38106056139804
"CENTRUM SILVER WOMEN'S 50+ (MULTIMINERALS, MULTIVITAMINS) TABLET",PHARYNGEAL INJURY,8,2.93855183641426
"CENTRUM SILVER WOMEN'S 50+ (MULTIMINERALS, MULTIVITAMINS) TABLET",COELIAC DISEASE,20,2.30847184942104
"CENTRUM SILVER WOMEN'S 50+ (MULTIMINERALS, MULTIVITAMINS) TABLET",FEAR,15,2.28267447208054
"CENTRUM SILVER WOMEN'S 50+ (MULTIMINERALS, MULTIVITAMINS) TABLET",OROPHARYNGEAL PAIN,20,2.06693575507961
CENTRUM SILVER WOMEN'S 50+ MULTIMINERALS MULTIVITAMIN,CHOKING,5,2.21771537209861
CENTRUM SILVER WOMEN'S 50+ MULTIMINERALS MULTIVITAMINS TABLET,CHOKING,104,9.18091179919429
CENTRUM SILVER WOMEN'S 50+ MULTIMINERALS MULTIVITAMINS TABLET,DYSPHAGIA,56,8.62147192307748
CENTRUM SILVER WOMEN'S 50+ MULTIMINERALS MULTIVITAMINS TABLET,THROAT IRRITATION,16,6.80527136637829
CENTRUM SILVER WOMEN'S 50+ MULTIMINERALS MULTIVITAMINS TABLET,RETCHING,13,6.50641294079833
CENTRUM SILVER WOMEN'S 50+ MULTIMINERALS MULTIVITAMINS TABLET,FOREIGN BODY TRAUMA,22,4.86716190376319
CENTRUM SILVER WOMEN'S 50+ MULTIMINERALS MULTIVITAMINSTABLET,CHOKING,5,2.21771537209861
"CENTRUM SILVER WOMEN'S 50+ MULTIMINERALS, MULTIVITAMINS TABLET",DYSPHAGIA,33,8.29467409965582
"CENTRUM SILVER WOMEN'S 50+ MULTIMINERALS, MULTIVITAMINS TABLET",CHOKING,53,7.69919240032323
CENTRUM SILVER WOMEN'S 50+ TABLET,DYSPHAGIA,6,2.53748178039677
"CENTRUM SILVER WOMEN'S 50+(MUL TIMINERALS, MULTIVITAMINS) TABLET",DYSPHAGIA,6,4.34567304304801
"CENTRUM SILVER WOMEN'S 50+(MULTIMINERALS, MULTIVITAMINS) TABLET",DYSPHAGIA,17,6.73509691213258
"CENTRUM SILVER WOMEN'S 50+(MULTIMINERALS, MULTIVITAMINS) TABLET",CHOKING,27,6.42776353587396
CENTRUM SILVER WOMENS 50 MULTIMINERALS MULTIVITAMINS TABLET,FOREIGN BODY TRAUMA,7,6.06185055547394
CENTRUM SILVER WOMENS 50 MULTIMINERALS MULTIVITAMINS TABLET,DYSPHAGIA,8,2.89203273900785
CENTRUM SILVER WOMENS 50 MULTIMINERALS MULTIVITAMINS TABLET,CHOKING,10,2.11215101392008
CENTRUM SILVER WOMENS 50 PLUS MULTIMINERALS MULTIVITAMINS TABLET,CHOKING,10,4.52946771518327
"CENTRUM SILVER WOMENS 50+ (MULTIMINERALS, MULTIVITAMINS) TABLET",DYSPHAGIA,4,2.40151004423387
"CENTRUM SILVER WOMENS 50+ (MULTIMINERALS, MULTIVITAMINS) TABLET",DYSPHAGIA,39,12.3583663844038
"CENTRUM SILVER WOMENS 50+ (MULTIMINERALS, MULTIVITAMINS) TABLET",CHOKING,54,9.66957186744548
"CENTRUM SILVER WOMENS 50+ (MULTIMINERALS, MULTIVITAMINS) TABLET",COELIAC DISEASE,6,2.89659617398866
"CENTRUM SILVER WOMENS 50+ (MULTIMINERALS, MULTIVITAMINS) TABLET",FOREIGN BODY TRAUMA,10,2.36635296861641
CENTRUM SILVER WOMENS 50+ MULTIMINERALS MULTIVITAMIN,DYSPHAGIA,49,14.2398054350633
CENTRUM SILVER WOMENS 50+ MULTIMINERALS MULTIVITAMIN,CHOKING,70,11.4602078751195
CENTRUM SILVER WOMENS 50+ MULTIMINERALS MULTIVITAMIN,RETCHING,9,7.40471114707179
CENTRUM SILVER WOMENS 50+ MULTIMINERALS MULTIVITAMIN,THROAT IRRITATION,8,3.32937744655646
CENTRUM SILVER WOMENS 50+ MULTIMINERALS MULTIVITAMIN TABLET,CHOKING,9,6.96196482260711
CENTRUM SILVER WOMENS 50+ MULTIMINERALS MULTIVITAMIN TABLET,DYSPHAGIA,5,2.01459594978951
"CENTRUM ULTRA WOMEN'S (MULTIMINERALS, MULTIVITAMINS) TABLET",THROAT IRRITATION,10,14.0582459147554
"CENTRUM ULTRA WOMEN'S (MULTIMINERALS, MULTIVITAMINS) TABLET",CHOKING,29,8.95446297968738
"CENTRUM ULTRA WOMEN'S (MULTIMINERALS, MULTIVITAMINS) TABLET",DYSPHAGIA,15,7.3337450765539
CENTRUM ULTRA WOMEN'S MULTIMINERALS MULTIVITAMINS TABLET,CHOKING,9,6.62506225029938
CENTRUM ULTRA WOMENS MULTIMINERALS MULTIVITAMINS TABLET,CHOKING,22,8.4869902881328
CENTRUM ULTRA WOMENS MULTIMINERALS MULTIVITAMINS TABLET,DYSPHAGIA,11,6.30017361906357
"CENTRUM WOMEN UNDER 50 (MULTIMINERALS, MULTIVITAMINS) TABLET",CHOKING,21,7.20983384712599
"CENTRUM WOMEN UNDER 50 (MULTIMINERALS, MULTIVITAMINS) TABLET",DYSPHAGIA,11,5.50692754867487
"CENTRUM WOMEN UNDER 50 (MULTIMINERALS, MULTIVITAMINS) TABLET",RETCHING,5,5.42795218410902
"CENTRUM WOMEN UNDER 50 (MULTIMINERALS, MULTIVITAMINS) TABLET",THROAT IRRITATION,5,2.52262733387761
CENTRUM WOMEN UNDER 50 MULTIMINERALS MULTIVITAMINS TABLET,CHOKING,9,8.52154201013036
"CENTRUM WOMEN UNDER 50 MULTIMINERALS, MULTIVITAMINS TABLET",DYSPHAGIA,4,2.40151004423387
CERTIFIED ORGANIC JUICE CLEANSE GREENS (DIETARY SUPPLEMENT) POWDER,GASTRIC DISORDER,3,7.88261454715393
CHOLACOL,BLOOD ALKALINE PHOSPHATASE INCREASED,4,13.6477695947979
CHOLECALCIFEROL,HYPERCALCAEMIA,3,8.55558150983416
CITRACAL (CHOLECALCIFEROL + CALCIUM CITRATE) COATED TABLET,CHOKING,11,2.07308242260478
"CITRACAL CALCIUM + D SLOW RELEASE 1200 (CALCIUM CARBONATE, CALCIUM CITRATE, VITAMIN D, MAGNESIUM HYDROXIDE) FILM-COATED TABLET",CHOKING,11,6.00783438631333
CITRACAL MAXIMUM,CHOKING,8,2.85315041034482
CITRACAL MAXIMUM (CHOLECALCIFEROL + CALCIUM CITRATE) FILM-COATED TABLET,PHARYNGEAL INJURY,7,18.3840097512584
CITRACAL MAXIMUM (CHOLECALCIFEROL + CALCIUM CITRATE) FILM-COATED TABLET,REGURGITATION,5,13.1095170953777
CITRACAL MAXIMUM (CHOLECALCIFEROL + CALCIUM CITRATE) FILM-COATED TABLET,CHOKING,66,7.00694725313224
CITRACAL MAXIMUM (CHOLECALCIFEROL + CALCIUM CITRATE) FILM-COATED TABLET,FOREIGN BODY,13,6.85495692887343
CITRACAL MAXIMUM (CHOLECALCIFEROL + CALCIUM CITRATE) FILM-COATED TABLET,THROAT IRRITATION,13,6.47637808811851
CITRACAL MAXIMUM (CHOLECALCIFEROL + CALCIUM CITRATE) FILM-COATED TABLET,RETCHING,10,5.37579864147119
CITRACAL MAXIMUM (CHOLECALCIFEROL + CALCIUM CITRATE) FILM-COATED TABLET,DYSPHAGIA,20,2.45645752665587
CITRACAL MAXIMUM (CHOLECALCIFEROL +CALCIUM CITRATE) FILM-COATED TABLET,CHOKING,16,6.7899978288915
CITRACAL MAXIMUM (CHOLECALCIFEROL +CALCIUM CITRATE) FILM-COATED TABLET,FOREIGN BODY,5,6.76122024911456
CITRACAL MAXIMUM CHOLECALCIFEROL + CALCIUM CITRATE FILM COATED TABLET,CHOKING,8,2.50465298793279
CITRACAL MAXIMUM CHOLECALCIFEROL + CALCIUM CITRATE FILM-COATED TABLET,CHOKING,13,6.04839307884686
CITRACAL MAXIMUM CHOLECALCIFEROL CALCIUM CITRATE FILM COATED TABLET,CHOKING,11,7.67432633624412
CITRACAL MAXIMUM CHOLECALCIFEROL PLUS CALCIUM CITRATE FILM COATED TABLET,CHOKING,8,2.50465298793279
CITRACAL MAXIMUM FILM-COATED TABLET,CHOKING,7,4.76080592931248
CITRACAL MAXIMUM FILM-COATED TABLET,DYSPHAGIA,5,2.8704262713436
CITRACAL MAXIMUM(CHOLECALCIFEROL +CALCIUM CITRATE) FILM-COATED TABLET,CHOKING,12,3.42404543957673
CITRACAL PETITES (CHOLECALCIFEROL + CALCIUM CITRATE) FILM-COATED TABLET,CHOKING,93,11.8478204545099
CITRACAL PETITES (CHOLECALCIFEROL + CALCIUM CITRATE) FILM-COATED TABLET,REGURGITATION,4,8.75925972010009
CITRACAL PETITES (CHOLECALCIFEROL + CALCIUM CITRATE) FILM-COATED TABLET,FOREIGN BODY TRAUMA,16,4.54818711173721
CITRACAL PETITES (CHOLECALCIFEROL + CALCIUM CITRATE) FILM-COATED TABLET,DYSPHAGIA,24,4.45659245247953
CITRACAL PETITES (CHOLECALCIFEROL + CALCIUM CITRATE) FILM-COATED TABLET,RETCHING,8,2.96518739569001
CITRACAL PETITES (CHOLECALCIFEROL +CALCIUM CITRATE) FILM-COATED TABLET,CHOKING,22,9.9097575575579
CITRACAL PETITES (CHOLECALCIFEROL +CALCIUM CITRATE) FILM-COATED TABLET,DYSPHAGIA,10,6.42422454548068
CITRACAL PETITES CHOLECALCIFEROL  CALCIUM CITRATE FILM COATED TABLET,CHOKING,6,2.94386032200418
CITRACAL PETITES CHOLECALCIFEROL + CALCIUM CITRATE FILM-COATED TABLET,CHOKING,13,5.43414541729726
CITRACAL PETITES CHOLECALCIFEROL CALCIUM CITRATE FILM COATED TABLET,CHOKING,5,5.54310906887986
CITRACAL PETITES CHOLECALCIFEROL PLUS CALCIUM CITRATE FILM COATED TABLET,FOREIGN BODY TRAUMA,6,13.02732870006
CITRACAL PETITES CHOLECALCIFEROL PLUS CALCIUM CITRATE FILM COATED TABLET,CHOKING,8,7.04308220767416
CITRACAL PETITES FILM-COATED TABLET,FOREIGN BODY,4,6.18240905716084
CITRACAL PETITES(CHOLECALCIFEROL + CALCIUM CITRATE) FILM-COATED TABLET,CHOKING,4,6.10497035947628
CITRACAL PETITES(CHOLECALCIFEROL +CALCIUM CITRATE) FILM-COATED TABLET,CHOKING,12,7.80927362781949
"CITRACAL PLUS BONE DENSITY BUILDER (CALCIUM CARBONATE, CALCIUM CITRATE, MINERALS, GENESTEIN) FILM-COATED TABLET",DRUG DEPENDENCE,3,11.0409772105049
"CITRACAL PLUS MAGNESIUM (CALCIUM CITRATE, VITAMIN D, MINERALS) FILM-COATED TABLET",CHOKING,6,6.70883387816139
CITRICAL,HAIR TEXTURE ABNORMAL,3,13.1635332645383
CLEANSE FOR LIFE LIQUID,PANCREATITIS,3,2.62348856008612
CONGAPLES,BLOOD ALKALINE PHOSPHATASE INCREASED,4,13.6477695947979
COQ1O,ALOPECIA,7,20.6265189533588
CORTISLIM,HOSPITALISATION,5,14.2889787752647
CREATINE,BLOOD CREATINE PHOSPHOKINASE INCREASED,4,7.43157953466289
CURAMIN,HEPATIC ENZYME INCREASED,3,2.02362968842499
D3,ALOPECIA,8,2.00686604971997
DAILY MULTIVITAMIN,ALOPECIA,8,2.51922804047354
DAILY VITAMIN,ALOPECIA,12,5.90348073537461
DANDELION ROOT,BLOOD SODIUM DECREASED,3,9.25546342576854
DERMASILK ANTI WRINKLE SUPPLEMENT,SKIN DISORDER,3,14.2305388681125
DR.S BEST RED YEAST RICE,THYROID FUNCTION TEST ABNORMAL,16,96.8111567657907
DR.S BEST RED YEAST RICE,BLOOD CHOLESTEROL INCREASED,16,50.1740154034924
DR.S BEST RED YEAST RICE,MYALGIA,16,28.9630764813628
DR.S BEST RED YEAST RICE,MUSCLE SPASMS,16,21.9973655084614
DR.S BEST RED YEAST RICE,LIVER FUNCTION TEST ABNORMAL,16,16.8851541883778
DR.S BEST RED YEAST RICE,MALAISE,16,7.97677031788044
DR.S BEST RED YEAST RICE,FATIGUE,16,7.16466515394859
EMERGEN-C,COUGH,5,2.45296510192566
"EMERGEN-C (ASCORBIC ACID, B-COMPLEX, ELECTROLYTE, MULTIMINERAL, MULTIVIT, ZINC) POWDER FOR ORAL SOLUTION",COELIAC DISEASE,7,5.34222479839809
"EMERGEN-C (ASCORBIC ACID, B-COMPLEX, ELECTROLYTE, MULTIMINERALS, MULTIVIT, ZINC) POWDER FOR ORAL SOLUTION",COUGH,6,21.9981105590705
"EMERGEN-C (ASCORBIC ACID, B-COMPLEX, ELECTROLYTE, MULTIMINERALS, MULTIVIT, ZINC) POWDER FOR ORAL SOLUTION",CHOKING,6,2.55340723716654
EMERGEN-C ASCORBIC ACID B-COMPLEX ELECTROLYTE MULTIMINERAL MULTIVITAMIN ZINC POWDER FOR ORAL SOLUTION,CHOKING SENSATION,3,2.39634125563316
ENDOMUNE ADVANCED PROBIOTIC ADULT AND JR BOTTLES,BLASTOCYSTIS INFECTION,3,16.0102785106283
ENZYMATIC THERAPY EPHEDRA,CARDIAC FIBRILLATION,3,13.966185598867
ENZYMATIC THERAPY EPHEDRA,EMERGENCY CARE EXAMINATION,3,12.9245582816657
ENZYMATIC THERAPY EPHEDRA,PHYSICAL EXAMINATION,3,11.1686136929784
ENZYMATIC THERAPY EPHEDRA,HEART RATE INCREASED,5,8.10426710336469
EQUATE MULTIVITAMIN,BLOOD BILIRUBIN INCREASED,6,9.44158638105728
EQUATE MULTIVITAMIN,ASPARTATE AMINOTRANSFERASE INCREASED,6,8.08633932308294
EQUATE MULTIVITAMIN,ALANINE AMINOTRANSFERASE INCREASED,6,7.83586262143217
ESTER-C 24 HOUR IMMUNE SUPPORT 1000MG COATED TABLETS,OROPHARYNGEAL PAIN,5,16.0002203274053
ESTER-C 24 HOUR IMMUNE SUPPORT 1000MG COATED TABLETS,FOREIGN BODY,5,13.4677933070343
ESTHER C,ALOPECIA,3,3.08928488777019
FIBER CHOICE CHROMIUM PICOLINATE + INULIN,CHEST DISCOMFORT,4,12.0854915988166
FIBERZON,DRY MOUTH,5,27.2950478645507
FIBERZON,HALLUCINATION,5,25.7929792709183
FIBERZON,MENTAL IMPAIRMENT,4,22.8390864341054
FIBERZON,TACHYCARDIA,4,13.1468161914963
FIBERZON,ANXIETY,5,8.92987630958669
FINEST NUTRITION BIOTIN,ALOPECIA,3,2.11475869105197
FINEST NUTRITION FLAXSEED OIL SOFT GELS (1300 MG),ALOPECIA,3,2.11475869105197
FISH OIL (FISH OIL),CHOKING,13,7.48522317851894
FISH OIL (FISH OIL),FOREIGN BODY TRAUMA,5,2.30204578791745
FISH OIL 1200MG,PLATELET COUNT DECREASED,4,22.2559912011493
FISH OIL 1200MG,BLOOD BILIRUBIN INCREASED,5,14.466114557581
FLEX FITNESS PRODUCTS FLEX F.P. WOLVERINE XTREME,HEPATIC ENZYME INCREASED,3,7.34347730013542
FLINSTONES COMPLETE (MULTIVITAMINS) CHEWABLE TABLET,DRUG DEPENDENCE,6,36.6620569506194
FLINSTONES COMPLETE (MULTIVITAMINS) CHEWABLE TABLET,DEPENDENCE,5,30.1629339216743
FLINSTONES COMPLETE MULTIVITAMINS CHEWABLE TABLET,OVERDOSE,5,32.1673994541634
FLINSTONES COMPLETE MULTIVITAMINS CHEWABLE TABLET,DRUG DEPENDENCE,3,8.96233257674612
FLINSTONES GUMMIES (MULTIVITAMINS),DEPENDENCE,3,10.2527602317277
FLINSTONES GUMMIES MULTIVITAMINS,DEPENDENCE,3,13.5549176626373
FLINTSTONES COMPLETE,DRUG EXPOSURE DURING PREGNANCY,4,22.9615075623151
FLINTSTONES COMPLETE,PREMATURE LABOUR,3,13.709515664028
FLINTSTONES COMPLETE (MULTIVITAMINS + MINERALS) CHEWABLE TABLET,ACCIDENTAL DRUG INTAKE BY CHILD,4,22.6615315608215
FLINTSTONES COMPLETE (MULTIVITAMINS + MINERALS) CHEWABLE TABLET,FAILURE OF CHILD RESISTANT MECHANISM FOR PHARMACEUTICAL PRODUCT,3,14.8248098602053
FLINTSTONES COMPLETE (MULTIVITAMINS + MINERALS) CHEWABLE TABLET,GLOSSODYNIA,3,2.5119637970347
FLINTSTONES COMPLETE (MULTIVITAMINS) CHEWABLE TABLET,DRUG DEPENDENCE,13,63.8335404426325
FLINTSTONES COMPLETE (MULTIVITAMINS) CHEWABLE TABLET,SUICIDE ATTEMPT,6,43.2386186772492
FLINTSTONES COMPLETE (MULTIVITAMINS) CHEWABLE TABLET,DEPENDENCE,6,25.5795222714078
FLINTSTONES COMPLETE MULTIVITAMINS + MINERALS CHEWABLE TABLET,ACCIDENTAL DRUG INTAKE BY CHILD,3,13.7843932502437
FLINTSTONES COMPLETE MULTIVITAMINS + MINERALS CHEWABLE TABLET,DRUG EXPOSURE DURING PREGNANCY,3,13.1225554810371
FLINTSTONES COMPLETE MULTIVITAMINS CHEWABLE TABLET,DRUG DEPENDENCE,15,73.0049271781463
FLINTSTONES COMPLETE MULTIVITAMINS CHEWABLE TABLET,DEPENDENCE,12,64.2065314038191
FLINTSTONES COMPLETE MULTIVITAMINS CHEWABLE TABLET,GASTRIC LAVAGE,3,13.8383628537413
FLINTSTONES COMPLETE VITAMINS,PREMATURE BABY,3,14.4110273781698
FLINTSTONES GUMMIES (MULTIVITAMINS),DEPENDENCE,12,97.6225168791134
FLINTSTONES GUMMIES (MULTIVITAMINS),DRUG DEPENDENCE,9,60.3367851057556
"FLINTSTONES GUMMIES (MULTIVITAMINS, MINERALS, CHOLINE)",ACCIDENTAL OVERDOSE,3,14.399060002761
FLINTSTONES GUMMIES MULTIVITAMINS,DRUG DEPENDENCE,7,45.9462257220875
FLINTSTONES GUMMIES MULTIVITAMINS,DEPENDENCE,6,39.8222356748302
FLINTSTONES GUMMIES MULTIVITAMINS,DRUG ABUSER,3,15.1613864728715
FLINTSTONES GUMMIES MULTIVITAMINS ORAL DROPS,DEPENDENCE,3,12.6900536024477
FLINTSTONES GUMMIES MULTIVITAMINS ORAL DROPS,DRUG DEPENDENCE,3,11.7464935716707
FLINTSTONES MULTIVITAMINS,DRUG DEPENDENCE,3,10.0011193885002
FLINTSTONES UNKNOWN MULTIVITAMINS,DRUG DEPENDENCE,3,13.2138707463164
FLINTSTONES WITH IRON (MULTIVITAMINS + IRON) CHEWABLE TABLET,ACCIDENTAL DRUG INTAKE BY CHILD,5,40.988193312427
FLINTSTONES WITH IRON MULTIVITAMINS + IRON CHEWABLE TABLET,ACCIDENTAL DRUG INTAKE BY CHILD,3,15.4647617677692
GARCINIA CAMBOGIA,ELEVATED MOOD,3,14.6439022591803
GARCINIA CAMBOGIA,SOMNOLENCE,6,7.95334778935649
GARCINIA CAMBOGIA,ASPARTATE AMINOTRANSFERASE INCREASED,10,5.7403612176422
GARCINIA CAMBOGIA,DRUG-INDUCED LIVER INJURY,4,3.80108761345036
GARCINIA CAMBOGIA,ALANINE AMINOTRANSFERASE INCREASED,9,3.74986538407393
GARCINIA CAMBOGIA,IRRITABILITY,4,2.75564191187732
GCB TRIM COFFEE BEAN EXTRACT,URINARY TRACT INFECTION,3,13.7863490080927
GINKGO BILOBA,BLOOD BILIRUBIN INCREASED,7,2.51564248441719
GINKGO BILOBA,ASPARTATE AMINOTRANSFERASE INCREASED,7,2.00342019065283
GLUCOSAMINE AND CONDROITON,ALOPECIA,3,3.08928488777019
GNC ARGINMAX FOR MEN (DIETARY SUPPLEMENT) CAPLET,CYSTITIS,3,11.2100571331102
GNC GOLDENSEAL ROOT,ANXIETY,3,3.88821196905337
GNC HERBAL PLUS WHOLE HERB FENUGREEK SUPPLEMENT 100 CAPSULES,FLATULENCE,3,8.57648949255235
GNC HERBAL PLUS WHOLE HERB FENUGREEK SUPPLEMENT 100 CAPSULES,HAEMATOCHEZIA,3,7.63511804793961
GNC L-CARNITINE 500,ANGINA PECTORIS,3,14.4849736511242
GNC MAGNESIUM 250,ANGINA PECTORIS,3,14.4849736511242
GNC MEGA MEN MULTIVITAMIN,DIZZINESS,5,2.11676101456396
GNC PRO PERFORMANCE AMP AMPLIFIED MUSCLE INGNITER 4X,BLOOD CREATINE PHOSPHOKINASE INCREASED,3,11.3243292702828
GNC TOTAL LEAN LIQUID L-CARNITINE LIQUID,PARAESTHESIA,3,2.17319859820418
GREEN TEA EXTRACT,BIOPSY LIVER ABNORMAL,3,10.0911773808766
GREEN TEA EXTRACT,BLOOD BILIRUBIN INCREASED,5,7.32978699519299
HAIR SKIN AND NAILS,ALOPECIA,6,7.49560732138343
HAIR SKIN NAIL SUPPLEMENT,ALOPECIA,5,9.84973441786133
HAIR SKIN NAILS,HAIR TEXTURE ABNORMAL,3,10.910313959932
"HAIR, SKIN AND NAILS",BLOOD BILIRUBIN INCREASED,5,10.2312934610527
"HAIR, SKIN AND NAILS",ASPARTATE AMINOTRANSFERASE INCREASED,5,8.81681487965398
"HAIR, SKIN AND NAILS",ALANINE AMINOTRANSFERASE INCREASED,5,8.55204251944087
"HAIR, SKIN AND NAILS",HEPATIC ENZYME INCREASED,4,2.23243012162857
HYDROXYCUT,HEPATIC FUNCTION ABNORMAL,10,7.5611252093222
HYDROXYCUT,HEPATOCELLULAR INJURY,9,6.53966082422994
HYDROXYCUT,JAUNDICE,23,2.70320897526108
HYDROXYCUT,BLOOD BILIRUBIN INCREASED,17,2.15797162638046
HYDROXYCUT,LIVER FUNCTION TEST ABNORMAL,18,2.07378090755083
HYDROXYCUT (REGULAR),HEPATIC FAILURE,3,9.42957243998535
HYDROXYCUT 24,INJURY,5,13.2195517572109
HYDROXYCUT 24 AM,ANXIETY,8,13.1899359954987
HYDROXYCUT 24 AM,DISCOMFORT,4,11.0179737729486
HYDROXYCUT 24 PM,ANXIETY,8,13.1899359954987
HYDROXYCUT 24 PM,DISCOMFORT,4,11.0179737729486
HYDROXYCUT CAFFEINE FREE CAPLETS,CARDIO-RESPIRATORY DISTRESS,3,7.08848372916691
HYDROXYCUT CAFFEINE FREE CAPLETS,LIVER FUNCTION TEST ABNORMAL,6,5.42371470876969
HYDROXYCUT CAFFEINE-FREE CAPLETS,EMOTIONAL DISTRESS,11,12.9559435385745
HYDROXYCUT CAFFEINE-FREE CAPLETS,INJURY,9,11.4626292895991
HYDROXYCUT CAFFEINE-FREE CAPLETS,RHABDOMYOLYSIS,7,7.75842392374761
HYDROXYCUT CAFFEINE-FREE CAPLETS,LIVER FUNCTION TEST ABNORMAL,12,5.8833643689286
HYDROXYCUT CAFFEINE-FREE CAPLETS,ANXIETY,12,3.87182085565291
HYDROXYCUT CAPSULES,INJURY,5,8.25039015407674
HYDROXYCUT CAPSULES,EMOTIONAL DISTRESS,5,6.55069688637741
HYDROXYCUT CARB CONTROL CAPSULES,INJURY,7,19.4186522189993
HYDROXYCUT CARB CONTROL CAPSULES,EMOTIONAL DISTRESS,6,13.6609476774465
HYDROXYCUT CARB CONTROL CAPSULES,RHABDOMYOLYSIS,4,4.29384546005167
HYDROXYCUT CARB CONTROL CAPSULES,DISCOMFORT,4,3.52197302901186
HYDROXYCUT HARDCORE,EMOTIONAL DISTRESS,6,2.43694651382975
HYDROXYCUT HARDCORE CAPSULES,MULTIPLE INJURIES,10,25.1553556465078
HYDROXYCUT HARDCORE CAPSULES,INJURY,39,25.0502103792969
HYDROXYCUT HARDCORE CAPSULES,EMOTIONAL DISTRESS,42,23.2319143677596
HYDROXYCUT HARDCORE CAPSULES,QUALITY OF LIFE DECREASED,6,20.2658213272225
HYDROXYCUT HARDCORE CAPSULES,CARDIO-RESPIRATORY DISTRESS,9,16.5417789889034
HYDROXYCUT HARDCORE CAPSULES,RHABDOMYOLYSIS,27,16.2010114665609
HYDROXYCUT HARDCORE CAPSULES,LIVER FUNCTION TEST ABNORMAL,49,11.075854892144
HYDROXYCUT HARDCORE CAPSULES,HEPATOCELLULAR INJURY,9,7.9469217278529
HYDROXYCUT HARDCORE CAPSULES,LIVER INJURY,20,7.73705028439872
HYDROXYCUT HARDCORE CAPSULES,ANXIETY,33,5.47852249420248
HYDROXYCUT HARDCORE CAPSULES,HEPATIC FUNCTION ABNORMAL,7,3.47340504243039
HYDROXYCUT HARDCORE CAPSULES,OBESITY,4,2.84439606568776
HYDROXYCUT HARDCORE CAPSULES,PAIN,35,2.41254610638134
HYDROXYCUT HARDCORE CAPSULES,HEPATITIS,9,2.03229090175591
HYDROXYCUT MAX LIQUID CAPS,INJURY,9,11.1542249030899
HYDROXYCUT MAX LIQUID CAPS,EMOTIONAL DISTRESS,10,11.0915940862615
HYDROXYCUT MAX LIQUID CAPS,LIVER FUNCTION TEST ABNORMAL,15,7.83115948946215
HYDROXYCUT MAX LIQUID CAPS,RHABDOMYOLYSIS,6,4.1891192838084
HYDROXYCUT MAX POWDER PACKETS,INJURY,3,4.1248586687725
HYDROXYCUT MAX POWDER PACKETS,EMOTIONAL DISTRESS,3,2.72574675618671
HYDROXYCUT NATURAL CAPLETS,INJURY,8,15.4386849964503
HYDROXYCUT NATURAL CAPLETS,EMOTIONAL DISTRESS,8,13.4440913845319
HYDROXYCUT NATURAL CAPLETS,HEPATIC STEATOSIS,4,2.20607395633124
HYDROXYCUT RAPID RELEASE CAPLETS,RHABDOMYOLYSIS,4,4.02609289740212
HYDROXYCUT RAPID RELEASE CAPLETS,EMOTIONAL DISTRESS,4,2.47145167016424
HYDROXYCUT RAPID RELEASE TABLETS,HEPATIC FAILURE,3,8.65998172643594
HYDROXYCUT REGULAR DRINK MIX SACHETS,EMOTIONAL DISTRESS,13,23.2965475081
HYDROXYCUT REGULAR DRINK MIX SACHETS,INJURY,11,21.5502885773312
HYDROXYCUT REGULAR DRINK MIX SACHETS,ANXIETY,8,2.16504960716702
HYDROXYCUT REGULAR RAPID RELEASE CAPLETS,EMOTIONAL DISTRESS,115,33.302996279439
HYDROXYCUT REGULAR RAPID RELEASE CAPLETS,INJURY,88,29.3098975399043
HYDROXYCUT REGULAR RAPID RELEASE CAPLETS,MULTIPLE INJURIES,16,24.1718888424803
HYDROXYCUT REGULAR RAPID RELEASE CAPLETS,RHABDOMYOLYSIS,65,20.847147064982
HYDROXYCUT REGULAR RAPID RELEASE CAPLETS,HEPATOCELLULAR INJURY,32,18.9645904384088
HYDROXYCUT REGULAR RAPID RELEASE CAPLETS,CARDIO-RESPIRATORY DISTRESS,14,14.99281877256
HYDROXYCUT REGULAR RAPID RELEASE CAPLETS,OBESITY,8,11.5150622262154
HYDROXYCUT REGULAR RAPID RELEASE CAPLETS,LIVER FUNCTION TEST ABNORMAL,98,11.0659364059102
HYDROXYCUT REGULAR RAPID RELEASE CAPLETS,DIALYSIS,4,9.48032901273109
HYDROXYCUT REGULAR RAPID RELEASE CAPLETS,RENAL FAILURE,40,8.47898099408485
HYDROXYCUT REGULAR RAPID RELEASE CAPLETS,LIVER INJURY,32,6.32354958192445
HYDROXYCUT REGULAR RAPID RELEASE CAPLETS,HEPATIC STEATOSIS,18,6.2049002724234
HYDROXYCUT REGULAR RAPID RELEASE CAPLETS,HEPATIC FUNCTION ABNORMAL,13,6.01640246831812
HYDROXYCUT REGULAR RAPID RELEASE CAPLETS,FEAR,23,5.8008034483064
HYDROXYCUT REGULAR RAPID RELEASE CAPLETS,ANXIETY,63,5.30231802514754
HYDROXYCUT REGULAR RAPID RELEASE CAPLETS,HEPATIC FAILURE,15,5.12317991931923
HYDROXYCUT REGULAR RAPID RELEASE CAPLETS,HEPATIC ENCEPHALOPATHY,3,4.50916508608498
HYDROXYCUT REGULAR RAPID RELEASE CAPLETS,NERVOUSNESS,24,4.35475334734656
HYDROXYCUT REGULAR RAPID RELEASE CAPLETS,MYALGIA,26,4.17179685714655
HYDROXYCUT REGULAR RAPID RELEASE CAPLETS,HEPATITIS,19,4.11531270784326
HYDROXYCUT REGULAR RAPID RELEASE CAPLETS,RENAL DISORDER,22,4.02180885639973
HYDROXYCUT REGULAR RAPID RELEASE CAPLETS,MASS,5,2.84868010669015
HYDROXYCUT REGULAR RAPID RELEASE CAPLETS,PAIN,74,2.82511788117699
HYDROXYCUT REGULAR RAPID RELEASE CAPLETS,CONVULSION,31,2.38907701219432
HYDROXYCUT REGULAR RAPID RELEASE CAPLETS,MYOCARDIAL INFARCTION,23,2.07894969615154
HYDROXYCUT REGULAR RAPID RELEASE CAPLETS (NO PREF. NAME),CARDIO-RESPIRATORY DISTRESS,4,21.4828149315435
HYDROXYCUT WEIGHT LOSS SHOT,INJURY,4,10.8203025332186
HYDROXYCUT WEIGHT LOSS SHOT,DISCOMFORT,4,10.3939007564913
HYDROXYCUT WEIGHT LOSS SHOT,EMOTIONAL DISTRESS,4,9.30002676532604
HYDROXYCUT WITH EPHEDRA,EMOTIONAL DISTRESS,12,18.0702503134962
HYDROXYCUT WITH EPHEDRA,INJURY,9,14.2014353286941
HYDROXYCUT WITH EPHEDRA,HEPATOCELLULAR INJURY,5,10.4418168237898
HYDROXYCUT WITH EPHEDRA,LIVER INJURY,8,8.4215189658571
HYDROXYCUT WITH EPHEDRA,OBESITY,3,2.89226556732319
HYDROXYCUT WITH EPHEDRA (NO PREF. NAME),CARDIO-RESPIRATORY DISTRESS,3,12.5284707515966
IRON,PREMATURE BABY,4,2.99610699596815
IRON,ALOPECIA,25,2.23992719338275
ISAGENIX ISAFLUSH,DEHYDRATION,6,2.99834214779548
JACK3D,BLOOD CREATINE PHOSPHOKINASE INCREASED,6,13.8826002336573
JACK3D,HYPERTHERMIA,3,10.9928283148911
KAVA KAVA,HEPATIC ENZYME INCREASED,4,11.4235141326208
KIRKLAND GENERIC MULTIVITAMIN WITH HERBS,PANIC ATTACK,3,12.3877493178006
KIRKLAND GENERIC MULTIVITAMIN WITH HERBS,ANXIETY,3,2.60313936532475
KROGER HERB-RASCAL,MOYAMOYA DISEASE,3,15.904853849439
KROGER HERB-RASCAL,Not coded,3,14.3036935247947
LACTAID FAST ACT,VOMITING,22,6.86212804098614
LACTAID FAST ACT,CHILLS,5,3.55391707387753
LACTAID FAST ACT,ABDOMINAL PAIN UPPER,10,2.47354712500237
LACTAID FAST ACT,ABDOMINAL PAIN,9,2.06758767436258
LACTAID FAST ACT CAPLETS,GASTROINTESTINAL DISORDER,4,3.40323058818467
LICORICE ROOT TABLET,BLOOD BILIRUBIN INCREASED,3,2.52113723265938
MAGNESIUM,ALOPECIA,61,3.06530357128941
MAN CORE DIETARY SUPPLEMENTS,DRUG SCREEN FALSE POSITIVE,4,28.9888738587033
MASS COMPLEX,HAEMATOCRIT INCREASED,3,15.7740974675398
MASS COMPLEX,HAEMOGLOBIN INCREASED,3,14.8964744156692
MELATONIN,HAIR TEXTURE ABNORMAL,5,2.77408191445284
"MIDNITE FOR MENOPAUSE (MELATONIN, GENISTEIN ISOFLAVONE, LEMON BALM, CHAMOMILE, LAVENDER)",ABNORMAL BEHAVIOUR,3,14.4150320251938
MULITVITAMIN,ALOPECIA,5,2.24663264886476
MULTI  VITAMIN,ALOPECIA,3,3.08928488777019
MULTI VIT,ALOPECIA,4,4.20448595262133
MULTI VITA GUMMIES,ALOPECIA,3,3.08928488777019
MULTI VITAMIN,HAIR GROWTH ABNORMAL,8,21.1321289229672
MULTI VITAMIN,ALOPECIA,62,12.2927087994758
MULTI VITAMIN,WOUND,6,12.0747349306475
MULTI VITAMIN,TRICHORRHEXIS,6,4.15377594553865
MULTI VITAMINS,ALOPECIA,15,8.9812848016154
MULTI VITAMINS,TRICHORRHEXIS,4,8.24545419379137
MULTI-VITAMIN,SKIN EXFOLIATION,6,8.7671758828219
MULTI-VITAMIN,ALOPECIA,33,6.98697058367543
MULTIPLE VITAMIN,ALOPECIA,7,4.62949075945653
MULTIPLE VITAMIN FOR 50+,ALOPECIA,3,2.11475869105197
MULTIVITAMIN,ALOPECIA,101,2.42144014802761
MVI,BLOOD ALKALINE PHOSPHATASE INCREASED,4,2.3216499320697
NAC MARKETING AGELESS MALE,CEREBROVASCULAR ACCIDENT,4,6.87409541639499
NAC MARKETING AGELESS MALE PERFORMANCE,CEREBROVASCULAR ACCIDENT,3,2.16840233490802
NAC MARKETING AGELESS MALE TABLET,CEREBROVASCULAR ACCIDENT,7,9.99329635710455
NAC MARKETING SUPER BETA PROSTATE,DYSURIA,4,8.81704770796932
NAC MARKETING SUPER BETA PROSTATE,BLOOD URINE PRESENT,5,6.94869360863231
NATURAL ACCELERATOR ARIZONA NUTRITIONAL SUPPLEMENTS,URTICARIA,8,3.83386984025128
NATURAL ACCELERATOR ARIZONA NUTRITIONAL SUPPLEMENTS,OROPHARYNGEAL SWELLING,4,2.36793620116077
NATURE MADE SUPER B-COMPLEX WITH VITAMIN C & FOLIC ACID (DIETARY SUPPLEMENT) TABLET,STAPHYLOCOCCAL INFECTION,3,3.49761918722652
NATURE'S BOUNTY BIOTIN,RENAL FAILURE,3,2.91857516695745
NATURE'S BOUNTY FISH OIL 1200 MG RAPID RELEASE LIQUID SOFTGELS,PAIN IN EXTREMITY,3,6.68489912734367
NATURE'S SUNSHINE SUPER OMEGA 3 EPA DIETARY SUPPLEMENT,ARTHRALGIA,3,10.7389057541732
NATUREMADE IRON 65 MG,MALABSORPTION,3,13.0446045610588
NATUREMADE IRON 65 MG,CHANGE OF BOWEL HABIT,3,10.1915263847914
NATUREMADE IRON 65 MG,RASH PAPULAR,3,2.58893683808856
NATUREMADE L-LYSINE 1000 MG,FOREIGN BODY TRAUMA,4,2.27839043107815
NATUREMADE SUPER B COMPLEX (DIETARY SUPPLEMENT) TABLET,STAPHYLOCOCCAL INFECTION,8,40.5096379930619
NATURES BOUNTY FISH OIL 1000MG RAPID RELEASE SOFTGELS (DIETARY SUPPLEMENT),BLOOD HEAVY METAL INCREASED,5,38.4653588186484
NATURES BOUNTY FISH OIL 1200 MG SOFTGELS AND NATURES BOUNTY FISH OIL 1400 MG SOFTGELS,EYE DISORDER,3,15.2241104210261
NEW VITALITY SUPER BETA PROSTATE,DYSURIA,8,30.9265642303508
NIACIN 250 DIETARY SUPPLEMENT TABLET,SWELLING FACE,3,2.04211625666358
NO XPLODE,COLITIS ISCHAEMIC,3,2.92551345075481
NUTRIBIOTIC CALCIUM ASCORBATE CRYSTALLINE POWDER,DYSURIA,3,8.33495339821093
NUTRITIONAL SCIENCE LABORATORIES HYPERZOSIN,HAEMORRHAGE,3,2.79485020018183
OCUVITE,VISUAL IMPAIRMENT,4,11.6331527477596
OCUVITE VITAMIN,FAECES DISCOLOURED,3,2.67103210208006
OMEGA 3,ALOPECIA,15,2.15308223175816
ONE A DAY CHOLESTEROL PLUS,BLOOD CHOLESTEROL INCREASED,3,2.19368748995475
ONE A DAY ESSENTIAL (MULTIVITAMINS) TABLET,CHOKING,20,4.65482248016633
ONE A DAY MEN'S HEALTH FORMULA,PROSTATE CANCER,4,17.154676246224
"ONE A DAY MEN'S HEALTH FORMULA (MULTIVITAMINS,  MINERALS, LYCOPENE) FILM-COATED TABLET",FOREIGN BODY TRAUMA,10,9.52805881737731
"ONE A DAY MEN'S HEALTH FORMULA (MULTIVITAMINS,  MINERALS, LYCOPENE) FILM-COATED TABLET",CHOKING,15,5.01961788465269
"ONE A DAY MEN'S HEALTH FORMULA (MULTIVITAMINS, MINERALS, LYCOPENE) FILM-COATED TABLET",CHOKING,48,10.4679401607718
"ONE A DAY MEN'S HEALTH FORMULA (MULTIVITAMINS, MINERALS, LYCOPENE) FILM-COATED TABLET",FOREIGN BODY TRAUMA,17,9.67008408973925
ONE A DAY MEN'S PRO EDGE (MULTIVITAMINS + MINERALS) FILM-COATED TABLET,MUSCLE HYPERTROPHY,3,16.0036661864724
"ONE A DAY MENS HEALTH FORMULA MULTIVITAMINS, MINERALS, LYCOPENE",CHOKING,6,8.5085036244709
ONE A DAY TEEN ADVANTAGE FOR HER,Not coded,5,31.1571108282078
ONE A DAY VITAMIN,ALOPECIA,8,4.03563885833137
ONE A DAY WOMEN'S (MULTIVITAMINS + MINERALS) FILM-COATED TABLET,CHOKING,51,7.3717426576186
ONE A DAY WOMEN'S (MULTIVITAMINS + MINERALS) FILM-COATED TABLET,FOREIGN BODY,9,5.28317953762598
ONE A DAY WOMEN'S 50+ HEALTHY ADVANTAGE,CHOKING,6,7.58492026315071
ONE A DAY WOMEN'S 50+ HEALTHY ADVANTAGE (MULTIVITAMINS + MINERALS) FILM-COATED TABLET,CHOKING,49,10.6317115977872
ONE A DAY WOMEN'S 50+ HEALTHY ADVANTAGE (MULTIVITAMINS +MINERALS) FILM-COATED TABLET,CHOKING,4,2.0298694872763
ONE A DAY WOMEN'S 50+ HEALTHY ADVANTAGE MULTIVITAMINS + MINERALS FILM-COATED TABLET,CHOKING,8,6.6128154809121
ONE A DAY WOMEN'S 50+ HEALTHY ADVANTAGE(MULTIVITAMINS + MINERALS) FILM-COATED TABLET,CHOKING,6,2.94386032200418
ONE A DAY WOMEN'S FILM-COATED TABLET,CHOKING,6,5.81249142973684
ONE A DAY WOMEN'S FILM-COATED TABLET,FOREIGN BODY,3,2.01515473774634
ONE A DAY WOMEN'S MULTIVITAMINS + MINERALS FILM COATED TABLET,CHOKING,10,5.8624563862104
ONE A DAY WOMEN'S MULTIVITAMINS + MINERALS FILM-COATED TABLET,CHOKING,13,6.71521337400191
ONE A DAY WOMEN'S MULTIVITAMINS + MINERALS FILM-COATED TABLET,FOREIGN BODY,4,2.26819255086593
ONE A DAY WOMEN'S PRENATAL (MULTIVITAMINS + MINERALS) FILM-COATED TABLET,ABORTION SPONTANEOUS,4,18.5489918955136
ONE A DAY WOMEN'S VITA CRAVES,ALOPECIA,3,3.08928488777019
ONE A DAY WOMENS MULTIVITAMINS COATED TABLET,CHOKING,10,3.94730379548855
ONE A DAY WOMENS MULTIVITAMINS COATED TABLET,FOREIGN BODY TRAUMA,5,2.11527091334574
ONE A DAY WOMENS (MULTIVITAMINS + MINERALS) FILM-COATED TABLET,THROAT IRRITATION,7,8.80061002890579
ONE A DAY WOMENS (MULTIVITAMINS + MINERALS) FILM-COATED TABLET,CHOKING,14,2.7106594813522
ONE A DAY WOMENS MULTIVITAMINS + MINERALS,CHOKING,4,2.74739978951402
ONE SOURCE WOMEN'S VITAMINS,HYPOAESTHESIA,3,2.29496780713089
OS CAL 500 PLUS D TABLETS DIETARY SUPPLEMENT,NEPHROLITHIASIS,4,23.4558486414608
OS CAL PLUS D TABLET,HOSPITALISATION,4,6.12052329094149
OS CAL ULTRA 600 PLUS,HOSPITALISATION,6,28.5809120845515
OSTEO BI-FLEX ONE PER DAY WITH 5-LOXIN ADVANCE COATED CAPLETS,Not coded,3,14.183274720097
OXYELITE PRO,HEPATITIS ACUTE,6,7.55088076344691
OXYELITE PRO,HEPATIC ENZYME INCREASED,22,6.79325742530636
OXYELITE PRO,BLOOD BILIRUBIN INCREASED,17,5.35633419430815
OXYELITE PRO,HEPATITIS,9,4.75004926114343
OXYELITE PRO,CHROMATURIA,12,3.11452347715385
OXYELITE PRO,JAUNDICE,15,2.61012421478517
OXYELITE PRO (REVISED FORMULA),LIVER INJURY,6,38.0376997690182
OXYELITE PRO (REVISED FORMULA),HEPATIC FAILURE,3,12.1301015040372
OXYLIFE PHENOCANE,LIVER FUNCTION TEST ABNORMAL,4,4.57077145832591
PERFORMIX SST SUSPENSION SUPER THERMOGENIC,MYOCARDIAL INFARCTION,4,9.49681325745769
PHILLIPS COLON HEALTH,HAEMATOCHEZIA,5,6.55069688637741
PHILLIPS' COLON HEALTH (BIFIDOBACTERIUM + LACTOBACILLUS) CAPSULE,ABDOMINAL DISTENSION,9,5.09389011724852
PHILLIPS' COLON HEALTH BIFIDOBACTERIUM + LACTOBACILLUS CAPSULE,FUNGAL INFECTION,3,10.0197922193911
PHILLIPS' LAXATIVE DIETARY SUPPLEMENT (MAGNESIUM OXIDE) COATED TABLET,DRUG DEPENDENCE,5,22.6755012597423
PLEXUS BOOST,HEART RATE INCREASED,8,3.99829319654964
PLEXUS WORLDWIDE INC. PLEXUS BOOST,PALPITATIONS,3,2.22027648356743
PRENATAL TABS WITH FOLIC ACID,PLATELET COUNT DECREASED,4,25.4232944718096
PRENATAL TABS WITH FOLIC ACID,BLOOD BILIRUBIN INCREASED,5,22.1124758275691
"PRESERVISION AREDS 2 FORMULA SOFT GELS (CAPSULE, SOFT)",EYE HAEMORRHAGE,7,9.54756983020343
"PRESERVISION AREDS 2 FORMULA SOFT GELS (CAPSULE, SOFT)",CONDITION AGGRAVATED,9,6.03125691483729
"PRESERVISION AREDS 2 FORMULA SOFT GELS (CAPSULE, SOFT)",HIP FRACTURE,4,5.16159659135155
"PRESERVISION AREDS 2 FORMULA SOFT GELS (CAPSULE, SOFT)",MACULAR DEGENERATION,5,5.1331449712161
"PRESERVISION AREDS 2 FORMULA SOFT GELS (CAPSULE, SOFT)",FOREIGN BODY,16,4.92229564883746
"PRESERVISION AREDS 2 FORMULA SOFT GELS (CAPSULE, SOFT)",DYSPHAGIA,31,2.6001591628883
"PRESERVISION AREDS 2 FORMULA SOFT GELS (CAPSULE, SOFT)",FALL,11,2.49873914872296
"PRESERVISION AREDS 2 SOFT GELS (CAPSULE, SOFT)",AGE-RELATED MACULAR DEGENERATION,31,289.508718023309
"PRESERVISION AREDS 2 SOFT GELS (CAPSULE, SOFT)",MACULAR DEGENERATION,7,29.4574175605085
"PRESERVISION AREDS 2 SOFT GELS (CAPSULE, SOFT)",CONDITION AGGRAVATED,11,25.4446215454955
"PRESERVISION AREDS 2 SOFT GELS (CAPSULE, SOFT)",EYE HAEMORRHAGE,7,25.2698140463326
"PRESERVISION AREDS 2 SOFT GELS (CAPSULE, SOFT)",VISUAL IMPAIRMENT,8,15.7512337269727
"PRESERVISION AREDS 2 SOFT GELS (CAPSULE, SOFT)",DISEASE PROGRESSION,3,12.3805782056879
"PRESERVISION AREDS 2 SOFT GELS (CAPSULE, SOFT)",CATARACT,4,9.76414672913961
"PRESERVISION AREDS 2 SOFT GELS (CAPSULE, SOFT)",BLINDNESS,4,6.97863532998599
"PRESERVISION AREDS 2 SOFT GELS (CAPSULE, SOFT)",VISUAL FIELD DEFECT,3,6.15055814362131
PRESERVISION AREDS SOFT GELS,LUNG NEOPLASM MALIGNANT,5,32.4995988945011
PREVAGEN 10 MG,CONVULSION,4,13.5622750374023
"PREVAGEN, 10 MG, QUINCY BIOSCIENCE",TRANSIENT ISCHAEMIC ATTACK,3,12.29079960729
PROBIOTIC,ALOPECIA,24,4.23452080530114
PROBIOTIC MPF,BLOOD ALKALINE PHOSPHATASE INCREASED,4,13.6477695947979
PROBIOTICS,ALOPECIA,20,4.17808322166093
PROTEIN TIN CHOCOLATE,GASTRIC DISORDER,3,10.8468449611682
PURITAN'S PRIDE NIACIN 500MG COATED CAPLETS,FLUSHING,6,10.8054015210364
PURITAN'S PRIDE SUPER CHELATED MULTI-MINERAL COATED CAPLETS,VERTIGO,3,8.89690782013349
PURITAN'S PRIDE SUPER SNOOZE WITH MELATONIN RAPID RELEASE CAPSULES,SWELLING,3,2.40714448946528
PURITAN'S PRIDE ULTRA CHROMIUM PICOLINATE 500MCG,BLOOD POTASSIUM INCREASED,3,14.0949396572541
PURITANS PRIDE NEURO-PS 100MG RAPID RELEASE SOFTGELS,CONFUSIONAL STATE,4,9.26570787164383
PURITY FIRST B50,THYROID FUNCTION TEST ABNORMAL,15,92.3347530092578
PURITY FIRST B50,BLOOD CHOLESTEROL INCREASED,15,48.5539959853049
PURITY FIRST B50,MYALGIA,15,28.2156044577714
PURITY FIRST B50,MUSCLE SPASMS,15,21.4769010923337
PURITY FIRST B50,LIVER FUNCTION TEST ABNORMAL,15,16.5123494898435
PURITY FIRST B50,MALAISE,15,7.81905241706409
PURITY FIRST B50,FATIGUE,15,7.019519982161
PURITY FIRST VARIOUS DIETARY SUPPLEMENTS,INVESTIGATION ABNORMAL,6,53.928558251122
PURITY FIRST VARIOUS DIETARY SUPPLEMENTS,ASTHENIA,6,6.35595928342082
PURITY FIRST VARIOUS DIETARY SUPPLEMENTS,FATIGUE,6,3.84923650906421
PURITY FIRST VARIOUS DIETARY SUPPLEMENTS,PAIN,6,2.9655133553315
QUINCY BIOSCIENCE PREVAGEN,CONVULSION,4,2.57780764461495
RED BULL ENERGY DRINK,HEART RATE ABNORMAL,3,2.74204473826103
REDACTED,MEDICATION RESIDUE,4,11.1693587435875
REDACTED,FAECAL INCONTINENCE,4,2.47559601417743
REMIFEMIN TABLET (CIMICIFUGA),DIPLOPIA,4,16.7329776014667
REMIFEMIN TABLET (CIMICIFUGA),HOSPITALISATION,8,16.3577514884528
REMIFEMIN TABLET (CIMICIFUGA),GRAND MAL CONVULSION,3,2.46828520507552
RENEWLIFE WOMEN ' S CARE ULTIMATE FLORA PROBIOTIC,ALOPECIA,3,2.11475869105197
REUMOFAN PLUS,IMMOBILE,6,37.7704594286624
REUMOFAN PLUS,WEIGHT INCREASED,22,23.5490730989259
REUMOFAN PLUS,ARTHRALGIA,12,6.83553904737346
REUMOFAN PLUS,JOINT SWELLING,5,5.6890924226027
REUMOFAN PLUS,BODY TEMPERATURE INCREASED,10,3.78874771273695
REUMOFAN PLUS,MUSCLE SPASMS,11,3.67196102975868
REXALL HAWTHORNE BERRIES,BLOOD SODIUM DECREASED,3,14.075382078765
SHAKEOLOGY CAFE LATTE BAG 30 SERVING,GALLBLADDER DISORDER,3,12.1461200921331
SHAKEOLOGY CHOCOLATE VEGAN BAG 30 SERVING,GALLBLADDER DISORDER,3,6.63432881725021
SHAKEOLOGY VANILLA BAG 30 SERVING,GALLBLADDER DISORDER,3,11.3624665483367
SILYBUM MARIANUM,ANOREXIA,3,2.08886818238534
SIMILAC PRENATAL(SIMILAC PRENATAL VITAMIN),ABORTION SPONTANEOUS,3,15.2241104210261
SLIM QUICK,HEPATIC ENZYME INCREASED,8,12.9850470779929
SLIM QUICK,BLOOD BILIRUBIN INCREASED,6,9.11674431548454
SLIM QUICK,ASPARTATE AMINOTRANSFERASE INCREASED,6,7.76107816654257
SLIM QUICK,ALANINE AMINOTRANSFERASE INCREASED,6,7.50743499980308
SLIM QUICK,TRANSAMINASES INCREASED,3,4.74571865447797
SLOW FE BROWN (NCH) (FERROUS SULFATE) TABLET,BLOOD IRON DECREASED,4,11.8747819734272
SLOW FE BROWN (NCH) (FERROUS SULFATE) TABLET,HAEMOGLOBIN DECREASED,5,9.27753555006348
SLOW FE BROWN (NCH) (FERROUS SULFATE) TABLET,CONSTIPATION,7,2.74549059732817
SNI PRO WHEY,DIARRHOEA,4,10.7222352467943
SPARK ENERGY DRINK MANGO STRAWBERRY,ATRIAL FIBRILLATION,3,9.67981631332077
SR. MULTIPLE,SWELLING,3,2.40714448946528
STACKER 2,INTENSIVE CARE,3,13.4412043134216
SUNDOWN KOREAN GINSENG,BLOOD BILIRUBIN INCREASED,5,10.7990220251959
SUNDOWN KOREAN GINSENG,ASPARTATE AMINOTRANSFERASE INCREASED,5,9.38933970709331
SUNDOWN KOREAN GINSENG,ALANINE AMINOTRANSFERASE INCREASED,5,9.1287116908934
SUNDOWN KOREAN GINSENG,HEPATIC ENZYME INCREASED,4,2.47531662019901
SUNDOWN NATURALS NIACIN 500 MG TIME RELEASE CAPLETS,ERYTHEMA,4,4.54790771775879
SUPER BETA PROSTATE,BLOOD URINE PRESENT,174,44.5938191695604
SUPER BETA PROSTATE,HAEMATOSPERMIA,10,35.0285334901419
SUPER BETA PROSTATE,UROGENITAL HAEMORRHAGE,7,32.5988768881653
SUPER BETA PROSTATE,URINARY RETENTION,30,26.6549096943345
SUPER BETA PROSTATE,PROSTATOMEGALY,20,23.1257912216242
SUPER BETA PROSTATE,PENILE HAEMORRHAGE,6,21.7033964775037
SUPER BETA PROSTATE,PROSTATIC DISORDER,9,21.193642163882
SUPER BETA PROSTATE,HAEMORRHAGE,68,10.1176266775001
SUPER BETA PROSTATE,HAEMATOCHEZIA,59,8.97001591115259
SUPER BETA PROSTATE,GASTRIC HAEMORRHAGE,8,7.1246652493719
SUPER BETA PROSTATE,BLADDER DISORDER,5,6.42934676841833
SUPER BETA PROSTATE,HOSPITALISATION,23,6.09677480277605
SUPER BETA PROSTATE,PROSTATE CANCER,8,5.16094467206858
SUPER BETA PROSTATE,URINARY HESITATION,7,4.72080602473579
SUPER BETA PROSTATE,DYSURIA,13,4.43638295470737
SUPER BETA PROSTATE,RECTAL HAEMORRHAGE,18,3.48020362923853
SUPER BETA PROSTATE,CEREBROVASCULAR ACCIDENT,30,3.05668892362155
SUPER BETA PROSTATE,URINARY TRACT INFECTION,15,2.54604986240156
SUPER BETA PROSTATE,HAEMORRHAGE URINARY TRACT,4,2.44509550486691
SUPER BETA PROSTATE,PROSTATIC SPECIFIC ANTIGEN INCREASED,6,2.38609680975787
SUPER BETA VIRILITY BOOST,BLOOD URINE PRESENT,8,16.5745146500412
SUPER BETA VIRILITY BOOST,HAEMATOCHEZIA,6,6.99931048438884
SUPER BETA VIRILITY BOOST,URINARY RETENTION,3,2.17464213375933
SYMPHORA,BLOOD ALKALINE PHOSPHATASE INCREASED,4,13.6477695947979
TESTOSTERONE BOOSTERS,AGGRESSION,3,11.3763431159314
THINOGENICS,HEART RATE INCREASED,6,4.75549744372256
"TOTAL BODY ESSENTIAL NUTRITION TOTAL BODY FORMULA, TROPICAL ORANGE FLAVOR",BLOOD SELENIUM INCREASED,3,12.7630685621407
TOTAL BODY ESSENTIAL TOTAL BODY FORMULA,HYPOTRICHOSIS,12,71.1676323760767
TOTAL BODY ESSENTIAL TOTAL BODY FORMULA,ARTHRALGIA,7,16.8882275221404
TOTAL BODY ESSENTIAL TOTAL BODY FORMULA,MUSCLE SPASMS,5,7.25463001499884
TOTAL BODY ESSENTIAL TOTAL BODY FORMULA,DIARRHOEA,8,2.08043979736976
TOTAL BODY FORMULA,HYPOTRICHOSIS,15,49.6437721981201
TOTAL BODY FORMULA,ARTHRALGIA,14,18.3244522681925
TOTAL BODY FORMULA,BREATH ODOUR,3,8.97779237688519
TOTAL BODY FORMULA,ONYCHOCLASIS,3,8.20429014763795
TOTAL BODY FORMULA,MUSCLE SPASMS,9,7.95847001229413
TOTAL BODY FORMULA,NAIL DISCOLOURATION,3,5.55032674665563
TOTAL BODY FORMULA,DIARRHOEA,16,2.69757453002967
TOTAL BODY FORMULA TROPICAL ORANGE,NAIL DISCOLOURATION,6,42.8556160985027
TOTAL BODY FORMULA TROPICAL ORANGE,HYPOTRICHOSIS,7,28.5422160185408
TRADER JOE'S ACIDOPHILUS WITH LIVEBAC,ABDOMINAL DISCOMFORT,3,10.4434466219973
TRIMSPA X-32 DIET PILL,MUSCLE DISORDER,3,15.6014785545412
TRIPLE ACTION VIRILITY,BLOOD URINE PRESENT,17,20.4164612472523
TRIPLE ACTION VIRILITY,HAEMORRHAGE,14,10.3579520646017
TRIPLE ACTION VIRILITY,HAEMATOCHEZIA,10,6.77295479620807
TRIPLE ACTION VIRILITY,CEREBROVASCULAR ACCIDENT,9,4.04714057710953
TRUBIOTICS BIFIDOBACTERIUM + LACTOBACILLUS CAPSULE,FUNGAL INFECTION,3,14.517057392979
TUMERIC,ALOPECIA,8,6.96392058045603
"TUMS ULTRA 1000 MAXIMUM STRENGTH ANTACID CALCIUM SUPPLEMENT, ASSORTED BERRIES",MUSCLE SPASMS,3,2.02381595107727
TWIN LAB MULTI-MINERAL CAPS,DYSPEPSIA,4,15.2218287035357
ULTIMATE POWER MEAL,HYPERVITAMINOSIS D,4,25.2262285856996
ULTIMATE POWER MEAL,BLOOD CALCIUM INCREASED,4,15.0755193901714
ULTRA INFLAM X,BLOOD ALKALINE PHOSPHATASE INCREASED,4,13.6477695947979
UNIVERA,ALOPECIA,6,22.8787138133775
UNSPECIFIED CALCIUM,INTERNATIONAL NORMALISED RATIO INCREASED,3,5.62399362563156
UNSPECIFIED HYDROXYCUT,EMOTIONAL DISTRESS,5,7.98356890468858
V-B COMPLEX,ALOPECIA,3,2.11475869105197
VANILLA PROTEIN,GASTRIC DISORDER,4,21.3831644125748
VANILLA PROTEIN TIN,GASTRIC DISORDER,3,10.8468449611682
VIT B,ALOPECIA,4,2.00439806957729
VIT D,ALOPECIA,16,15.2685806292575
VITAMIN B,ALOPECIA,21,2.32327973027714
VITAMIN B12,ONYCHOLYSIS,13,70.2851664952468
VITAMIN B12,ONYCHOMYCOSIS,13,62.2129156708252
VITAMIN B12,NAIL INJURY,13,55.8038971999194
VITAMIN B12,CHEMICAL INJURY,14,24.7865090293344
VITAMIN B12,ALOPECIA,51,3.37501179636456
VITAMIN B12,PAIN IN EXTREMITY,14,2.62237098417245
VITAMIN B12 (CYANOCOBALAMIN),CHOKING,23,4.70739511377178
VITAMIN B12 CYANOCOBALAMIN,DYSPHAGIA,5,2.01459594978951
VITAMIN C,ALOPECIA,77,2.49794753245078
VITAMIN C (ASCORBIC ACID),FOREIGN BODY TRAUMA,15,3.43834109813906
VITAMIN C (ASCORBIC ACID),CHOKING,32,2.86376738152467
VITAMIN D,HAIR TEXTURE ABNORMAL,21,4.68117864546366
VITAMIN D,ALOPECIA,153,3.65268284524791
VITAMIN D,TRICHORRHEXIS,17,2.27531709731556
VITAMIN D,SKIN EXFOLIATION,14,2.19573637912981
VITAMIN D,DERMATITIS CONTACT,6,2.13766899728216
VITAMIN D (ERGOCALCIFEROL),DYSPHAGIA,28,5.26520519168116
VITAMIN D (ERGOCALCIFEROL),CHOKING,33,2.98008840787224
VITAMIN D CAPS,ALOPECIA,3,3.08928488777019
VITAMIN D CHOLECALCIFEROL,CHOKING,24,5.77477324265055
VITAMIN D CHOLECALCIFEROL,FOREIGN BODY TRAUMA,8,2.41208044975065
VITAMIN D ERGOCALCIFEROL,CHOKING,12,5.22962902509607
VITAMIN D3,Not coded,12,16.6612664803397
VITAMIN D3,ALOPECIA,52,2.64099724940024
VITAMINS,ALOPECIA,34,2.73482706048526
VITAMINS,TRICHORRHEXIS,7,2.03815817530267
VIVAZEN,DYSPHORIA,4,28.5727165278513
VIVAZEN,RESTLESS LEGS SYNDROME,4,26.6915103055071
VIVAZEN,DRUG WITHDRAWAL SYNDROME,4,25.7208956244867
VIVAZEN,IRRITABILITY,4,15.5596160234418
VIVISCAL,ALOPECIA,7,11.6047011276241
XENADRINE EFX,EMERGENCY CARE EXAMINATION,3,5.50231754803099
XENADRINE EFX,HOSPITALISATION,4,3.83461489086039
ZYMESSENCE,PLATELET COUNT DECREASED,4,25.4232944718096
ZYMESSENCE,BLOOD BILIRUBIN INCREASED,5,22.1124758275691
ZYMEX,BLOOD ALKALINE PHOSPHATASE INCREASED,4,13.6477695947979
